<?xml version="1.0" encoding="UTF-8" standalone="yes"?>
<addon id="repo_vietmediaf_offical" name="VIETMEDIAF_OFFICIAL" version="0.0.1" provider-name="repo_vietmediaf_official">
    <extension point="xbmc.addon.repository" name="repo_vietmediaf_official">
        <dir>
            <info compressed="false">https://kodivmf.github.io/vietmediaf-repo/addons.xml</info>
            <checksum>https://kodivmf.github.io/vietmediaf-repo/addons.xml.md5</checksum>
            <datadir zip="true">https://kodivmf.github.io/vietmediaf-repo/downloads</datadir>
        </dir>
    </extension>
    <extension point="xbmc.addon.metadata">
        <summary>repo_vietmediaf_official</summary>
        <description>repo_vietmediaf_official</description>
        <disclaimer>repo_vietmediaf_official</disclaimer>
        <platform>all</platform>
        <assets>
            <icon>icon.png</icon>
            <fanart>icon.jpg</fanart>
        </assets> 
    </extension>
</addon>